[{"model": "admin.logentry", "pk": 1, "fields": {"action_time": "2021-10-23T13:05:13.313Z", "user": 1, "content_type": 14, "object_id": "1", "object_repr": "burgers", "action_flag": 1, "change_message": "[{\"added\": {}}]"}}, {"model": "admin.logentry", "pk": 2, "fields": {"action_time": "2021-10-23T13:05:38.591Z", "user": 1, "content_type": 14, "object_id": "2", "object_repr": "chips", "action_flag": 1, "change_message": "[{\"added\": {}}]"}}, {"model": "admin.logentry", "pk": 3, "fields": {"action_time": "2021-10-23T13:06:04.060Z", "user": 1, "content_type": 14, "object_id": "3", "object_repr": "pizza", "action_flag": 1, "change_message": "[{\"added\": {}}]"}}, {"model": "admin.logentry", "pk": 4, "fields": {"action_time": "2021-10-23T13:06:57.280Z", "user": 1, "content_type": 14, "object_id": "4", "object_repr": "chicken", "action_flag": 1, "change_message": "[{\"added\": {}}]"}}, {"model": "admin.logentry", "pk": 5, "fields": {"action_time": "2021-10-23T13:08:02.198Z", "user": 1, "content_type": 14, "object_id": "5", "object_repr": "side_orders", "action_flag": 1, "change_message": "[{\"added\": {}}]"}}, {"model": "admin.logentry", "pk": 6, "fields": {"action_time": "2021-10-23T13:16:48.651Z", "user": 1, "content_type": 14, "object_id": "6", "object_repr": "kebabs", "action_flag": 1, "change_message": "[{\"added\": {}}]"}}, {"model": "admin.logentry", "pk": 7, "fields": {"action_time": "2021-10-23T13:17:15.332Z", "user": 1, "content_type": 14, "object_id": "7", "object_repr": "meal_deals", "action_flag": 1, "change_message": "[{\"added\": {}}]"}}, {"model": "admin.logentry", "pk": 8, "fields": {"action_time": "2021-10-23T13:17:55.366Z", "user": 1, "content_type": 14, "object_id": "8", "object_repr": "fish", "action_flag": 1, "change_message": "[{\"added\": {}}]"}}, {"model": "admin.logentry", "pk": 9, "fields": {"action_time": "2021-10-23T13:19:24.969Z", "user": 1, "content_type": 14, "object_id": "9", "object_repr": "subs", "action_flag": 1, "change_message": "[{\"added\": {}}]"}}, {"model": "admin.logentry", "pk": 10, "fields": {"action_time": "2021-10-23T13:23:34.934Z", "user": 1, "content_type": 14, "object_id": "10", "object_repr": "sauces", "action_flag": 1, "change_message": "[{\"added\": {}}]"}}, {"model": "admin.logentry", "pk": 11, "fields": {"action_time": "2021-10-23T13:23:47.964Z", "user": 1, "content_type": 14, "object_id": "11", "object_repr": "drinks", "action_flag": 1, "change_message": "[{\"added\": {}}]"}}, {"model": "admin.logentry", "pk": 12, "fields": {"action_time": "2021-10-23T13:24:39.544Z", "user": 1, "content_type": 14, "object_id": "12", "object_repr": "wraps", "action_flag": 1, "change_message": "[{\"added\": {}}]"}}, {"model": "admin.logentry", "pk": 13, "fields": {"action_time": "2021-10-23T15:28:56.876Z", "user": 1, "content_type": 13, "object_id": "1", "object_repr": "Regular Burger", "action_flag": 1, "change_message": "[{\"added\": {}}]"}}, {"model": "admin.logentry", "pk": 14, "fields": {"action_time": "2021-10-23T15:37:52.821Z", "user": 1, "content_type": 13, "object_id": "2", "object_repr": "Cheese Burger", "action_flag": 1, "change_message": "[{\"added\": {}}]"}}, {"model": "admin.logentry", "pk": 15, "fields": {"action_time": "2021-10-23T15:40:38.493Z", "user": 1, "content_type": 13, "object_id": "3", "object_repr": "Bacon Cheese Burger", "action_flag": 1, "change_message": "[{\"added\": {}}]"}}, {"model": "admin.logentry", "pk": 16, "fields": {"action_time": "2021-10-23T17:02:10.879Z", "user": 1, "content_type": 13, "object_id": "4", "object_repr": "Grilled Chicken Burger", "action_flag": 1, "change_message": "[{\"added\": {}}]"}}, {"model": "admin.logentry", "pk": 17, "fields": {"action_time": "2021-10-23T17:07:24.112Z", "user": 1, "content_type": 13, "object_id": "5", "object_repr": "Double Cheese Burger", "action_flag": 1, "change_message": "[{\"added\": {}}]"}}, {"model": "admin.logentry", "pk": 18, "fields": {"action_time": "2021-10-23T17:14:59.298Z", "user": 1, "content_type": 13, "object_id": "6", "object_repr": "Southern Fried Chicked Burger", "action_flag": 1, "change_message": "[{\"added\": {}}]"}}, {"model": "admin.logentry", "pk": 19, "fields": {"action_time": "2021-10-23T17:19:55.475Z", "user": 1, "content_type": 13, "object_id": "7", "object_repr": "Chips", "action_flag": 1, "change_message": "[{\"added\": {}}]"}}, {"model": "admin.logentry", "pk": 20, "fields": {"action_time": "2021-10-24T08:23:20.454Z", "user": 1, "content_type": 13, "object_id": "8", "object_repr": "Curry Chips", "action_flag": 1, "change_message": "[{\"added\": {}}]"}}, {"model": "admin.logentry", "pk": 21, "fields": {"action_time": "2021-10-24T08:25:40.099Z", "user": 1, "content_type": 13, "object_id": "9", "object_repr": "Taco Chips", "action_flag": 1, "change_message": "[{\"added\": {}}]"}}, {"model": "admin.logentry", "pk": 22, "fields": {"action_time": "2021-10-24T08:31:25.879Z", "user": 1, "content_type": 13, "object_id": "10", "object_repr": "Garlic Cheese Chips", "action_flag": 1, "change_message": "[{\"added\": {}}]"}}, {"model": "admin.logentry", "pk": 23, "fields": {"action_time": "2021-10-24T08:48:13.665Z", "user": 1, "content_type": 13, "object_id": "11", "object_repr": "BBQ Chicken Pizza", "action_flag": 1, "change_message": "[{\"added\": {}}]"}}, {"model": "admin.logentry", "pk": 24, "fields": {"action_time": "2021-10-24T08:50:53.429Z", "user": 1, "content_type": 13, "object_id": "12", "object_repr": "Pepperoni", "action_flag": 1, "change_message": "[{\"added\": {}}]"}}, {"model": "admin.logentry", "pk": 25, "fields": {"action_time": "2021-10-24T08:53:29.331Z", "user": 1, "content_type": 13, "object_id": "13", "object_repr": "Ham and Pineapple Pizza", "action_flag": 1, "change_message": "[{\"added\": {}}]"}}, {"model": "admin.logentry", "pk": 26, "fields": {"action_time": "2021-10-24T08:58:28.902Z", "user": 1, "content_type": 13, "object_id": "14", "object_repr": "Make Your Own Pizza", "action_flag": 1, "change_message": "[{\"added\": {}}]"}}, {"model": "admin.logentry", "pk": 27, "fields": {"action_time": "2021-10-24T08:59:53.753Z", "user": 1, "content_type": 13, "object_id": "12", "object_repr": "Pepperoni Pizza", "action_flag": 2, "change_message": "[{\"changed\": {\"fields\": [\"Name\"]}}]"}}, {"model": "admin.logentry", "pk": 28, "fields": {"action_time": "2021-10-24T09:00:33.089Z", "user": 1, "content_type": 13, "object_id": "7", "object_repr": "Chips", "action_flag": 2, "change_message": "[{\"changed\": {\"fields\": [\"Image url\"]}}]"}}, {"model": "admin.logentry", "pk": 29, "fields": {"action_time": "2021-10-24T09:04:15.685Z", "user": 1, "content_type": 13, "object_id": "15", "object_repr": "Chicken Dippers", "action_flag": 1, "change_message": "[{\"added\": {}}]"}}, {"model": "admin.logentry", "pk": 30, "fields": {"action_time": "2021-10-24T09:05:38.957Z", "user": 1, "content_type": 13, "object_id": "16", "object_repr": "Chicken Nuggets", "action_flag": 1, "change_message": "[{\"added\": {}}]"}}, {"model": "admin.logentry", "pk": 31, "fields": {"action_time": "2021-10-24T09:08:01.747Z", "user": 1, "content_type": 13, "object_id": "17", "object_repr": "Chicken Wings", "action_flag": 1, "change_message": "[{\"added\": {}}]"}}, {"model": "admin.logentry", "pk": 32, "fields": {"action_time": "2021-10-24T09:10:52.873Z", "user": 1, "content_type": 13, "object_id": "18", "object_repr": "Popcorn Chicken", "action_flag": 1, "change_message": "[{\"added\": {}}]"}}, {"model": "admin.logentry", "pk": 33, "fields": {"action_time": "2021-10-24T09:19:54.427Z", "user": 1, "content_type": 13, "object_id": "19", "object_repr": "Battered Sausage", "action_flag": 1, "change_message": "[{\"added\": {}}]"}}, {"model": "admin.logentry", "pk": 34, "fields": {"action_time": "2021-10-25T09:12:53.322Z", "user": 1, "content_type": 13, "object_id": "20", "object_repr": "Garlic Bread", "action_flag": 1, "change_message": "[{\"added\": {}}]"}}, {"model": "admin.logentry", "pk": 35, "fields": {"action_time": "2021-10-25T09:15:37.552Z", "user": 1, "content_type": 13, "object_id": "21", "object_repr": "Hotdog", "action_flag": 1, "change_message": "[{\"added\": {}}]"}}, {"model": "admin.logentry", "pk": 36, "fields": {"action_time": "2021-10-25T09:20:57.785Z", "user": 1, "content_type": 13, "object_id": "22", "object_repr": "Onion Rings", "action_flag": 1, "change_message": "[{\"added\": {}}]"}}, {"model": "admin.logentry", "pk": 37, "fields": {"action_time": "2021-10-25T09:22:39.835Z", "user": 1, "content_type": 13, "object_id": "23", "object_repr": "Sausage", "action_flag": 1, "change_message": "[{\"added\": {}}]"}}, {"model": "admin.logentry", "pk": 38, "fields": {"action_time": "2021-10-25T09:25:37.888Z", "user": 1, "content_type": 13, "object_id": "24", "object_repr": "Chicken Kebab", "action_flag": 1, "change_message": "[{\"added\": {}}]"}}, {"model": "admin.logentry", "pk": 39, "fields": {"action_time": "2021-10-25T09:50:09.726Z", "user": 1, "content_type": 13, "object_id": "25", "object_repr": "Doner Kebab", "action_flag": 1, "change_message": "[{\"added\": {}}]"}}, {"model": "admin.logentry", "pk": 40, "fields": {"action_time": "2021-10-25T10:01:49.053Z", "user": 1, "content_type": 13, "object_id": "26", "object_repr": "Cheese Burger Meal", "action_flag": 1, "change_message": "[{\"added\": {}}]"}}, {"model": "admin.logentry", "pk": 41, "fields": {"action_time": "2021-10-25T10:04:20.888Z", "user": 1, "content_type": 13, "object_id": "27", "object_repr": "Chicken Nugget Meal", "action_flag": 1, "change_message": "[{\"added\": {}}]"}}, {"model": "admin.logentry", "pk": 42, "fields": {"action_time": "2021-10-25T10:10:56.523Z", "user": 1, "content_type": 13, "object_id": "28", "object_repr": "Chicken Wing Meal", "action_flag": 1, "change_message": "[{\"added\": {}}]"}}, {"model": "admin.logentry", "pk": 43, "fields": {"action_time": "2021-10-25T15:21:50.474Z", "user": 1, "content_type": 13, "object_id": "29", "object_repr": "Hotdog Meal", "action_flag": 1, "change_message": "[{\"added\": {}}]"}}, {"model": "admin.logentry", "pk": 44, "fields": {"action_time": "2021-10-25T15:28:36.772Z", "user": 1, "content_type": 13, "object_id": "30", "object_repr": "Regular Burger Meal", "action_flag": 1, "change_message": "[{\"added\": {}}]"}}, {"model": "admin.logentry", "pk": 45, "fields": {"action_time": "2021-10-25T15:34:50.340Z", "user": 1, "content_type": 13, "object_id": "31", "object_repr": "Wrap Meal", "action_flag": 1, "change_message": "[{\"added\": {}}]"}}, {"model": "admin.logentry", "pk": 46, "fields": {"action_time": "2021-10-25T15:41:38.896Z", "user": 1, "content_type": 13, "object_id": "32", "object_repr": "Cod Meal", "action_flag": 1, "change_message": "[{\"added\": {}}]"}}, {"model": "admin.logentry", "pk": 47, "fields": {"action_time": "2021-10-25T15:44:38.730Z", "user": 1, "content_type": 13, "object_id": "33", "object_repr": "Fresh Cod", "action_flag": 1, "change_message": "[{\"added\": {}}]"}}, {"model": "admin.logentry", "pk": 48, "fields": {"action_time": "2021-10-25T15:48:35.794Z", "user": 1, "content_type": 13, "object_id": "34", "object_repr": "Square Cod", "action_flag": 1, "change_message": "[{\"added\": {}}]"}}, {"model": "admin.logentry", "pk": 49, "fields": {"action_time": "2021-10-25T15:50:07.997Z", "user": 1, "content_type": 13, "object_id": "35", "object_repr": "Smoked Cod", "action_flag": 1, "change_message": "[{\"added\": {}}]"}}, {"model": "admin.logentry", "pk": 50, "fields": {"action_time": "2021-10-26T09:59:27.805Z", "user": 1, "content_type": 13, "object_id": "36", "object_repr": "BBQ Chicken Sub", "action_flag": 1, "change_message": "[{\"added\": {}}]"}}, {"model": "admin.logentry", "pk": 51, "fields": {"action_time": "2021-10-26T10:07:10.590Z", "user": 1, "content_type": 13, "object_id": "37", "object_repr": "Meatball Sub", "action_flag": 1, "change_message": "[{\"added\": {}}]"}}, {"model": "admin.logentry", "pk": 52, "fields": {"action_time": "2021-10-26T10:16:08.099Z", "user": 1, "content_type": 13, "object_id": "38", "object_repr": "Sweet Chili Chicken Sub", "action_flag": 1, "change_message": "[{\"added\": {}}]"}}, {"model": "admin.logentry", "pk": 53, "fields": {"action_time": "2021-10-26T10:20:45.637Z", "user": 1, "content_type": 13, "object_id": "39", "object_repr": "Philly Steak Sub", "action_flag": 1, "change_message": "[{\"added\": {}}]"}}, {"model": "admin.logentry", "pk": 54, "fields": {"action_time": "2021-10-26T10:22:53.294Z", "user": 1, "content_type": 13, "object_id": "40", "object_repr": "Ketchup", "action_flag": 1, "change_message": "[{\"added\": {}}]"}}, {"model": "admin.logentry", "pk": 55, "fields": {"action_time": "2021-10-26T10:24:17.082Z", "user": 1, "content_type": 13, "object_id": "41", "object_repr": "Garllic Sauce", "action_flag": 1, "change_message": "[{\"added\": {}}]"}}, {"model": "admin.logentry", "pk": 56, "fields": {"action_time": "2021-10-26T10:35:22.674Z", "user": 1, "content_type": 13, "object_id": "42", "object_repr": "Mayo", "action_flag": 1, "change_message": "[{\"added\": {}}]"}}, {"model": "admin.logentry", "pk": 57, "fields": {"action_time": "2021-10-26T10:38:03.830Z", "user": 1, "content_type": 13, "object_id": "43", "object_repr": "Sweet Chili Sauce", "action_flag": 1, "change_message": "[{\"added\": {}}]"}}, {"model": "admin.logentry", "pk": 58, "fields": {"action_time": "2021-10-26T10:39:23.053Z", "user": 1, "content_type": 13, "object_id": "44", "object_repr": "Taco Sauce", "action_flag": 1, "change_message": "[{\"added\": {}}]"}}, {"model": "admin.logentry", "pk": 59, "fields": {"action_time": "2021-10-26T10:40:39.322Z", "user": 1, "content_type": 13, "object_id": "45", "object_repr": "Water", "action_flag": 1, "change_message": "[{\"added\": {}}]"}}, {"model": "admin.logentry", "pk": 60, "fields": {"action_time": "2021-10-26T10:49:31.894Z", "user": 1, "content_type": 13, "object_id": "46", "object_repr": "7-Up", "action_flag": 1, "change_message": "[{\"added\": {}}]"}}, {"model": "admin.logentry", "pk": 61, "fields": {"action_time": "2021-10-26T10:52:05.451Z", "user": 1, "content_type": 13, "object_id": "47", "object_repr": "Coca-cola", "action_flag": 1, "change_message": "[{\"added\": {}}]"}}, {"model": "admin.logentry", "pk": 62, "fields": {"action_time": "2021-10-26T10:54:55.085Z", "user": 1, "content_type": 13, "object_id": "48", "object_repr": "Fanta", "action_flag": 1, "change_message": "[{\"added\": {}}]"}}, {"model": "admin.logentry", "pk": 63, "fields": {"action_time": "2021-10-26T10:58:32.653Z", "user": 1, "content_type": 13, "object_id": "49", "object_repr": "Milkshake", "action_flag": 1, "change_message": "[{\"added\": {}}]"}}, {"model": "admin.logentry", "pk": 64, "fields": {"action_time": "2021-10-26T10:59:01.279Z", "user": 1, "content_type": 14, "object_id": "12", "object_repr": "wraps", "action_flag": 3, "change_message": ""}}, {"model": "admin.logentry", "pk": 65, "fields": {"action_time": "2021-10-26T12:21:35.709Z", "user": 1, "content_type": 13, "object_id": "1", "object_repr": "Regular Burger", "action_flag": 2, "change_message": "[{\"changed\": {\"fields\": [\"Image\"]}}]"}}, {"model": "admin.logentry", "pk": 66, "fields": {"action_time": "2021-10-26T12:22:08.761Z", "user": 1, "content_type": 13, "object_id": "35", "object_repr": "Smoked Cod", "action_flag": 2, "change_message": "[{\"changed\": {\"fields\": [\"Image\"]}}]"}}, {"model": "admin.logentry", "pk": 67, "fields": {"action_time": "2021-10-28T16:20:54.512Z", "user": 1, "content_type": 13, "object_id": "5", "object_repr": "Double Cheese Burger", "action_flag": 2, "change_message": "[{\"changed\": {\"fields\": [\"Category\"]}}]"}}, {"model": "admin.logentry", "pk": 68, "fields": {"action_time": "2021-10-30T22:12:10.491Z", "user": 3, "content_type": 8, "object_id": "2", "object_repr": "staffy9914@gmail.com", "action_flag": 2, "change_message": "[{\"changed\": {\"fields\": [\"Verified\"]}}]"}}, {"model": "admin.logentry", "pk": 69, "fields": {"action_time": "2021-10-30T22:12:25.712Z", "user": 3, "content_type": 8, "object_id": "1", "object_repr": "example@email.com", "action_flag": 2, "change_message": "[{\"changed\": {\"fields\": [\"Verified\", \"Primary\"]}}]"}}, {"model": "auth.user", "pk": 1, "fields": {"password": "pbkdf2_sha256$260000$EX8HcL2HqqK8xqr7yMBzoI$vXRYRNCh7TfY5WBjLZjb6q9EnE90W5XrdtX0j4xS7UQ=", "last_login": "2021-10-30T22:01:03.190Z", "is_superuser": true, "username": "gitpod", "first_name": "", "last_name": "", "email": "example@email.com", "is_staff": true, "is_active": true, "date_joined": "2021-10-22T12:38:07.644Z", "groups": [], "user_permissions": []}}, {"model": "auth.user", "pk": 2, "fields": {"password": "pbkdf2_sha256$260000$I1APyr0UDddk1ALYThmKIL$kY0TzHHYttckrP0SWgyoEh9G5cPuOQEN7DxbDgtHbrM=", "last_login": null, "is_superuser": false, "username": "user2", "first_name": "", "last_name": "", "email": "staffy9914@gmail.com", "is_staff": false, "is_active": true, "date_joined": "2021-10-30T22:05:30.995Z", "groups": [], "user_permissions": []}}, {"model": "auth.user", "pk": 3, "fields": {"password": "pbkdf2_sha256$260000$cXgGKiOBRkyMU5tYAQS4zO$1q22Ioank4kWw/nNRhqnedvV+NzwPIcJ4cPmRPnmVCM=", "last_login": "2021-10-30T22:11:38.119Z", "is_superuser": true, "username": "admin", "first_name": "", "last_name": "", "email": "admin1@email.com", "is_staff": true, "is_active": true, "date_joined": "2021-10-30T22:09:57.546Z", "groups": [], "user_permissions": []}}, {"model": "sessions.session", "pk": "1boexfd2ah4j2b11tl14agbfxwwawvgs", "fields": {"session_data": "eyJfc2Vzc2lvbl9leHBpcnkiOjB9:1mgv0q:NnAWpxXrNWYgZMEoBH6sw4FjK0aTfRy8Q95b0Zs1h6s", "expire_date": "2021-11-13T20:31:36.947Z"}}, {"model": "sessions.session", "pk": "22go3tg1fo172z30gus8i27fglh6owhr", "fields": {"session_data": "e30:1mgvls:1bv9zm9Qbl6cawNjnKsg8W3HFu2lROURPatAIHwEVTk", "expire_date": "2021-11-13T21:20:12.453Z"}}, {"model": "sessions.session", "pk": "2elxks9wna4k3y39qth51g2ntugtteix", "fields": {"session_data": "e30:1mgw5a:IXrvSs5OXyWX9p_iQuu146Ch7btr8nvq99nr1gs74As", "expire_date": "2021-11-13T21:40:34.008Z"}}, {"model": "sessions.session", "pk": "5ycd7k70bf7xmyo4hkdh81ysblomgc6h", "fields": {"session_data": "e30:1mgwPP:mbrzK_KFFTBuLOmvUraMWz3lfgCivqe_no0W9MlmSlE", "expire_date": "2021-11-13T22:01:03.158Z"}}, {"model": "sessions.session", "pk": "7hblnvsz69c90qbfqiddl77w97271fi7", "fields": {"session_data": "e30:1mgwGX:BPtTqFyFfhfQD0SSJPck0K7l1Qe7iTvmIGbdc-EeYCI", "expire_date": "2021-11-13T21:51:53.201Z"}}, {"model": "sessions.session", "pk": "ada2y8hu1v44yrjypd4t460izopudh6d", "fields": {"session_data": "eyJfc2Vzc2lvbl9leHBpcnkiOjB9:1mgvKd:SZKBOUWZZR2A3MNC6lz1pjE_Av4fcTlyHTO4y3rIoJk", "expire_date": "2021-11-13T20:52:03.266Z"}}, {"model": "sessions.session", "pk": "bz4yklsoqy0ftm158kb2pjkd4r1shxeb", "fields": {"session_data": "e30:1mgvAR:FWZY9ADO8Q5s0VFvITvznXfqO8-mJLyNrfKoT4GPa8k", "expire_date": "2021-11-13T20:41:31.995Z"}}, {"model": "sessions.session", "pk": "p0gikh7eh0sml3akj6dbyai85u74xhv8", "fields": {"session_data": ".eJxVjMsOgyAQRf-FtSGCD4LL7vsNZpgZKi2FRKWbpv9ebUwTt-ece98CEHNJ6_jiOfjANPITQhRDKjFWf1sWnsUgtKjECGWdfmAMtLHmzBzgg9Mu6A7pliXmtM7ByT2Rh13kNRPHy9GeDiZYpm3tlLHUO287Nlpp09ZeW2LNrKAn5bDtmAyjhpqarmnRWw9IfY1oDLISny-NA0qB:1mgwZe:VgD3iL54aYDCsEfivhWf4bPXOTlBOSzNFVOmdz7m6Dw", "expire_date": "2021-11-13T22:11:38.163Z"}}, {"model": "sessions.session", "pk": "w7ctjy32syqui6pfvlfeau2xmtwad4c0", "fields": {"session_data": ".eJxVjEEOwiAQRe_C2pCWYah16b5nIDMDSNVAUtqV8e7apAvd_vfefylP25r91uLi56Auqlen341JHrHsINyp3KqWWtZlZr0r-qBNTzXE5_Vw_w4ytfytu5AogBgjEZK1BAKdAJ6JgSGGAR30JoETdMmQHQWNjESCzEbcgOr9Af6mOHY:1mfLGK:aQPxon7y6K19TowvRLg3qOBqmmmPcaknq-6oppJohD0", "expire_date": "2021-11-09T12:09:04.313Z"}}, {"model": "sessions.session", "pk": "wqgtjkv2na85axi99cpp3txcvop218y8", "fields": {"session_data": "e30:1mgvzh:wpBbnDyRJzER6ShiiTmxpND__djWGu6kpSbRlV8kI_E", "expire_date": "2021-11-13T21:34:29.591Z"}}, {"model": "sites.site", "pk": 1, "fields": {"domain": "example.com", "name": "example.com"}}, {"model": "account.emailaddress", "pk": 1, "fields": {"user": 1, "email": "example@email.com", "verified": true, "primary": true}}, {"model": "account.emailaddress", "pk": 2, "fields": {"user": 2, "email": "staffy9914@gmail.com", "verified": true, "primary": true}}, {"model": "menu_items.category", "pk": 1, "fields": {"name": "burgers", "friendly_name": "Burgers"}}, {"model": "menu_items.category", "pk": 2, "fields": {"name": "chips", "friendly_name": "Chips"}}, {"model": "menu_items.category", "pk": 3, "fields": {"name": "pizza", "friendly_name": "Pizza"}}, {"model": "menu_items.category", "pk": 4, "fields": {"name": "chicken", "friendly_name": "Chicken"}}, {"model": "menu_items.category", "pk": 5, "fields": {"name": "side_orders", "friendly_name": "Side Orders"}}, {"model": "menu_items.category", "pk": 6, "fields": {"name": "kebabs", "friendly_name": "Kebabs"}}, {"model": "menu_items.category", "pk": 7, "fields": {"name": "meal_deals", "friendly_name": "Meal Deals"}}, {"model": "menu_items.category", "pk": 8, "fields": {"name": "fish", "friendly_name": "Fish"}}, {"model": "menu_items.category", "pk": 9, "fields": {"name": "subs", "friendly_name": "Subs"}}, {"model": "menu_items.category", "pk": 10, "fields": {"name": "sauces", "friendly_name": "Sauces"}}, {"model": "menu_items.category", "pk": 11, "fields": {"name": "drinks", "friendly_name": "Drinks"}}, {"model": "menu_items.menuitem", "pk": 1, "fields": {"category": 1, "name": "Regular Burger", "description": "A regular 100% Irish beef burger with ketchup, lettuce, onion and tomato.", "price": "3.50", "image_url": "http://www.github.com/staffordcian99/brainfood/media/menu_images/regular_burger.jpg", "image": "regular_burger.jpg"}}, {"model": "menu_items.menuitem", "pk": 2, "fields": {"category": 1, "name": "Cheese Burger", "description": "A 100% Irish beef burger with cheese, onion, lettuce, tomato and ketchup.", "price": "4.00", "image_url": "http://www.github.com/staffordcian99/brainfood/media/menu_images/cheese_burger.jpg", "image": "cheese_burger.jpg"}}, {"model": "menu_items.menuitem", "pk": 3, "fields": {"category": 1, "name": "Bacon Cheese Burger", "description": "A double patty burger with bacon, cheese, lettuce, tomato, onion and ketchup.", "price": "5.00", "image_url": "http://www.github.com/staffordcian99/brainfood/media/menu_images/bacon_cheese_burger.jpg", "image": "bacon_cheese_burger.jpg"}}, {"model": "menu_items.menuitem", "pk": 4, "fields": {"category": 1, "name": "Grilled Chicken Burger", "description": "A grilled chicken breast in a bun with lettuce, tomato and mayo.", "price": "4.00", "image_url": "http://www.github.com/staffordcian99/brainfood/media/menu_images/grilled_chicken_burger.jpg", "image": "grilled_chicken_burger.jpg"}}, {"model": "menu_items.menuitem", "pk": 5, "fields": {"category": 1, "name": "Double Cheese Burger", "description": "A double patty 100% Irish beef burger with lettuce, tomato, onion, ketchup and double the cheese!", "price": "4.50", "image_url": "http://www.github.com/staffordcian99/brainfood/media/menu_images/double/cheese_burger.jpg", "image": "double_cheese_burger.jpg"}}, {"model": "menu_items.menuitem", "pk": 6, "fields": {"category": 1, "name": "Southern Fried Chicked Burger", "description": "A southern fried breast of chicken in a bun with lettuce, tomato, onion and mayo.", "price": "4.50", "image_url": "http://www.github.com/staffordcian99/brainfood/media/menu_images/soutern_fried_chicken_burger.jpg", "image": "southern_fried_chicken_burger.jpg"}}, {"model": "menu_items.menuitem", "pk": 7, "fields": {"category": 2, "name": "Chips", "description": "Plain potato chips", "price": "2.00", "image_url": "http://www.github.com/staffordcian99/brainfood/media/menu_images/chips.jpg", "image": "chips.jpg"}}, {"model": "menu_items.menuitem", "pk": 8, "fields": {"category": 2, "name": "Curry Chips", "description": "Potato chips covered in a delicious curry sauce", "price": "2.20", "image_url": "http://www.github.com/staffordcian99/brainfood/media/menu_images/curry_chips.jpg", "image": "curry_chips.jpg"}}, {"model": "menu_items.menuitem", "pk": 9, "fields": {"category": 2, "name": "Taco Chips", "description": "Potato chips topped minced beef, onions, taco sauce and cheese.", "price": "2.50", "image_url": "http://www.github.com/staffordcian99/brainfood/media/menu_images/taco_chip.jpg", "image": "taco_chip.jpg"}}, {"model": "menu_items.menuitem", "pk": 10, "fields": {"category": 2, "name": "Garlic Cheese Chips", "description": "Potato chips topped with garlic mayo and cheese.", "price": "2.50", "image_url": "http://www.github.com/staffordcian99/brainfood/media/menu_images/garlic_cheese_chips.jpg", "image": "garlic_cheese_chips.png"}}, {"model": "menu_items.menuitem", "pk": 11, "fields": {"category": 3, "name": "BBQ Chicken Pizza", "description": "A BBQ sauce based pizza with cheese, red onion, peppers and chicken.", "price": "12.50", "image_url": "http://www.github.com/staffordcian99/brainfood/media/menu_images/bbq_chicken_pizza.jpg", "image": "bbq_chicken_pizza.jpg"}}, {"model": "menu_items.menuitem", "pk": 12, "fields": {"category": 3, "name": "Pepperoni Pizza", "description": "Tomato sauce based pizza with cheese and pepperoni.", "price": "12.50", "image_url": "http://www.github.com/staffordcian99/brainfood/media/menu_images/pepperoni_pizza.jpg", "image": "pepperoni_pizza.jpg"}}, {"model": "menu_items.menuitem", "pk": 13, "fields": {"category": 3, "name": "Ham and Pineapple Pizza", "description": "A tomato sauce based pizza with cheese ham and pineapple.", "price": "12.50", "image_url": "http://www.github.com/staffordcian99/brainfood/media/menu_images/hawaiin_pizza.jpg", "image": "hawaiin_pizza.jpg"}}, {"model": "menu_items.menuitem", "pk": 14, "fields": {"category": 3, "name": "Make Your Own Pizza", "description": "choose how you like your pizza! Choose either a BBQ or tomato sauce base with whatever toppings you like.", "price": "12.50", "image_url": "http://www.github.com/staffordcian99/brainfood/media/menu_images/make_own_pizza.jpg", "image": "make_own_pizza.jpg"}}, {"model": "menu_items.menuitem", "pk": 15, "fields": {"category": 4, "name": "Chicken Dippers", "description": "A portion of 6 chicken dippers.", "price": "2.00", "image_url": "http://www.github.com/staffordcian99/brainfood/media/menu_images/chicken_dippers.jpg", "image": "chicken_dippers.jpg"}}, {"model": "menu_items.menuitem", "pk": 16, "fields": {"category": 4, "name": "Chicken Nuggets", "description": "A portion of 8 chicken nuggets.", "price": "2.50", "image_url": "http://www.github.com/staffordcian99/brainfood/media/menu_images/chicken_nuggets.jpg", "image": "chicken_nuggets.jpg"}}, {"model": "menu_items.menuitem", "pk": 17, "fields": {"category": 4, "name": "Chicken Wings", "description": "A portion of 6 crispy chicken wings.", "price": "2.50", "image_url": "http://www.github.com/staffordcian99/brainfood/media/menu_images/chicken_wings.jpg", "image": "chicken_wings.jpg"}}, {"model": "menu_items.menuitem", "pk": 18, "fields": {"category": 4, "name": "Popcorn Chicken", "description": "A portion of bite sized popcorn chicken pieces.", "price": "2.00", "image_url": "http://www.github.com/staffordcian99/brainfood/media/menu_images/popcorn_chicken.jpg", "image": "popcorn_chicken.jpg"}}, {"model": "menu_items.menuitem", "pk": 19, "fields": {"category": 5, "name": "Battered Sausage", "description": "A classic takeaway battered sausage.", "price": "1.50", "image_url": "http://www.github.com/staffordcian99/brainfood/media/menu_images/battered_sausage.jpg", "image": "battered_sausage.jpg"}}, {"model": "menu_items.menuitem", "pk": 20, "fields": {"category": 5, "name": "Garlic Bread", "description": "Every persons favorite side!", "price": "2.00", "image_url": "http://www.github.com/staffordcian99/brainfood/media/menu_images/garlic_bread.jpg", "image": "garlic_bread.jpg"}}, {"model": "menu_items.menuitem", "pk": 21, "fields": {"category": 5, "name": "Hotdog", "description": "The classic sausage in a hotdog bun with ketchup, mustard and onions.", "price": "2.00", "image_url": "http://www.github.com/staffordcian99/brainfood/media/menu_images/hotdog.jpg", "image": "hotdog.jpg"}}, {"model": "menu_items.menuitem", "pk": 22, "fields": {"category": 5, "name": "Onion Rings", "description": "Battered circles of onion-y goodness!", "price": "1.50", "image_url": "http://www.github.com/staffordcian99/brainfood/media/menu_images/onion_rings.jpg", "image": "onion_rings.jpg"}}, {"model": "menu_items.menuitem", "pk": 23, "fields": {"category": 5, "name": "Sausage", "description": "A classic pork sausage.", "price": "0.80", "image_url": "http://www.github.com/staffordcian99/brainfood/media/menu_images/sausages.jpg", "image": "sausages.jpg"}}, {"model": "menu_items.menuitem", "pk": 24, "fields": {"category": 6, "name": "Chicken Kebab", "description": "Skewered chicken with pepper and pineapple.", "price": "2.50", "image_url": "http://www.github.com/staffordcian99/brainfood/media/menu_images/chicken_kebab.jpg", "image": "chicken_kebab.jpg"}}, {"model": "menu_items.menuitem", "pk": 25, "fields": {"category": 6, "name": "Doner Kebab", "description": "Slices of marinated meat, which are placed on a large skewer and roasted while rotating. The cooked meat is then served in thin slices on open pita bread with onion, lettuce, tomato and yoghurt sauce.", "price": "4.50", "image_url": "http://www.github.com/staffordcian99/brainfood/media/menu_images/doner_kebab.jpg", "image": "doner_kebab.jpg"}}, {"model": "menu_items.menuitem", "pk": 26, "fields": {"category": 7, "name": "Cheese Burger Meal", "description": "Cheese burger chips and a drink of your choice.", "price": "7.00", "image_url": "http://www.github.com/staffordcian99/brainfood/media/menu_images/cheese_burger_meal.jpg", "image": "cheese_burger_meal.jpg"}}, {"model": "menu_items.menuitem", "pk": 27, "fields": {"category": 7, "name": "Chicken Nugget Meal", "description": "Chicken nuggets, chips and your choice of drink.", "price": "6.50", "image_url": "http://www.github.com/staffordcian99/brainfood/media/menu_images/chicken_nugget_meal.jpg", "image": "chicken_nugget_meal.jpg"}}, {"model": "menu_items.menuitem", "pk": 28, "fields": {"category": 7, "name": "Chicken Wing Meal", "description": "Chicken wings, chips and your choice of sauce and drink.", "price": "7.50", "image_url": "http://www.github.com/staffordcian99/brainfood/media/menu_images/chicken_wings_meal.jpg", "image": "chicken_wings_meal.jpg"}}, {"model": "menu_items.menuitem", "pk": 29, "fields": {"category": 7, "name": "Hotdog Meal", "description": "A hot dog with chips and a drink", "price": "7.00", "image_url": "http://www.github.com/staffordcian99/brainfood/media/menu_images/hot_dog_meal.jpg", "image": "hot_dog_meal.jpg"}}, {"model": "menu_items.menuitem", "pk": 30, "fields": {"category": 7, "name": "Regular Burger Meal", "description": "A regular burger with chips and a drink.", "price": "7.00", "image_url": "http://www.github.com/staffordcian99/brainfood/media/menu_images/regular_burger_meal.jpg", "image": "regular_burger_meal.jpg"}}, {"model": "menu_items.menuitem", "pk": 31, "fields": {"category": 7, "name": "Wrap Meal", "description": "Your choice of wrap with chips and a drink.", "price": "6.50", "image_url": "http://www.github.com/staffordcian99/brainfood/media/menu_images/wrap_meal.jpg", "image": "wrap_meal.jpg"}}, {"model": "menu_items.menuitem", "pk": 32, "fields": {"category": 7, "name": "Cod Meal", "description": "Your choice of cod with chips and a drink.", "price": "7.00", "image_url": "http://www.github.com/staffordcian99/brainfood/media/menu_images/cod_meal.jpg", "image": "cod_meal.jpg"}}, {"model": "menu_items.menuitem", "pk": 33, "fields": {"category": 8, "name": "Fresh Cod", "description": "Marinated fresh cod.", "price": "3.00", "image_url": "http://www.github.com/staffordcian99/brainfood/media/menu_images/fresh_cod.jpg", "image": "fresh_cod.jpg"}}, {"model": "menu_items.menuitem", "pk": 34, "fields": {"category": 8, "name": "Square Cod", "description": "Breaded square cod.", "price": "3.00", "image_url": "http://www.github.com/staffordcian99/brainfood/media/menu_images/square_cod.jpg", "image": "square_cod.jpg"}}, {"model": "menu_items.menuitem", "pk": 35, "fields": {"category": 8, "name": "Smoked Cod", "description": "Smoked cod.", "price": "3.00", "image_url": "http://www.github.com/staffordcian99/brainfood/media/menu_images/smoked_cod.jpg", "image": "smoked_cod.jpg"}}, {"model": "menu_items.menuitem", "pk": 36, "fields": {"category": 9, "name": "BBQ Chicken Sub", "description": "Shredded chicken in a BBQ sauce and onions in a sub.", "price": "4.00", "image_url": "http://www.github.com/staffordcian99/brainfood/media/menu_images/bbq_chicken_sub.jpg", "image": "bbq_chicken_sub.jpg"}}, {"model": "menu_items.menuitem", "pk": 37, "fields": {"category": 9, "name": "Meatball Sub", "description": "Meatballs in a tomato sauce and cheese in a sub.", "price": "4.00", "image_url": "http://www.github.com/staffordcian99/brainfood/media/menu_images/meatball_sub.jpg", "image": "meatball_sub.jpg"}}, {"model": "menu_items.menuitem", "pk": 38, "fields": {"category": 9, "name": "Sweet Chili Chicken Sub", "description": "Chicken in sweet chili sauce with cheese in a sub.", "price": "4.00", "image_url": "http://www.github.com/staffordcian99/brainfood/media/menu_images/sweet_chilli_chicken_sub.jpg", "image": "sweet_chilli_chicken_sub.jpg"}}, {"model": "menu_items.menuitem", "pk": 39, "fields": {"category": 9, "name": "Philly Steak Sub", "description": "Philly-style steak mixed with onion and green peppers, topped with melted cheese in a sub.", "price": "4.00", "image_url": "http://www.github.com/staffordcian99/brainfood/media/menu_images/philly_steak_sub.jpg", "image": "philly_steak_sub.jpg"}}, {"model": "menu_items.menuitem", "pk": 40, "fields": {"category": 10, "name": "Ketchup", "description": "A tub of ketchup.", "price": "0.50", "image_url": "http://www.github.com/staffordcian99/brainfood/media/menu_images/ketchup.jpg", "image": "ketchup.jpg"}}, {"model": "menu_items.menuitem", "pk": 41, "fields": {"category": 10, "name": "Garllic Sauce", "description": "A tub of garlic mayo.", "price": "1.00", "image_url": "http://www.github.com/staffordcian99/brainfood/media/menu_images/garlic_sauce.jpg", "image": "garlic_sauce.jpg"}}, {"model": "menu_items.menuitem", "pk": 42, "fields": {"category": 10, "name": "Mayo", "description": "A tub of mayo.", "price": "0.50", "image_url": "http://www.github.com/staffordcian99/brainfood/media/menu_images/mayo.jpg", "image": "mayo.jpg"}}, {"model": "menu_items.menuitem", "pk": 43, "fields": {"category": 10, "name": "Sweet Chili Sauce", "description": "A tub of sweet chili sauce", "price": "1.00", "image_url": "http://www.github.com/staffordcian99/brainfood/media/menu_images/sweet_chilli_sauce.jpg", "image": "sweet_chilli_sauce.jpg"}}, {"model": "menu_items.menuitem", "pk": 44, "fields": {"category": 10, "name": "Taco Sauce", "description": "A tub of taco sauce.", "price": "1.00", "image_url": "http://www.github.com/staffordcian99/brainfood/media/menu_images/taco_sauce.jpg", "image": "taco_sauce.jpg"}}, {"model": "menu_items.menuitem", "pk": 45, "fields": {"category": 11, "name": "Water", "description": "A 500ml bottle of water", "price": "1.00", "image_url": "http://www.github.com/staffordcian99/brainfood/media/menu_images/water.jpg", "image": "water.jpg"}}, {"model": "menu_items.menuitem", "pk": 46, "fields": {"category": 11, "name": "7-Up", "description": "A 500ml bottle of 7-Up.", "price": "2.00", "image_url": "http://www.github.com/staffordcian99/brainfood/media/menu_images/7-up.jpg", "image": "7-up.jpg"}}, {"model": "menu_items.menuitem", "pk": 47, "fields": {"category": 11, "name": "Coca-cola", "description": "A 500ml bottle of coco-cola", "price": "2.00", "image_url": "http://www.github.com/staffordcian99/brainfood/media/menu_images/coca-cola.jpg", "image": "coca-cola.jpg"}}, {"model": "menu_items.menuitem", "pk": 48, "fields": {"category": 11, "name": "Fanta", "description": "A 500ml bottle of fanta orange.", "price": "2.00", "image_url": "http://www.github.com/staffordcian99/brainfood/media/menu_images/fanta.jpg", "image": "fanta.jpg"}}, {"model": "menu_items.menuitem", "pk": 49, "fields": {"category": 11, "name": "Milkshake", "description": "Your choice of vanilla, strawberry or chocolate milkshake.", "price": "2.50", "image_url": "http://www.github.com/staffordcian99/brainfood/media/menu_images/strawberry_choclate_vanilla_milkshakes.jpg", "image": "strawberry_choclate_vanilla_milkshakes.jpg"}}, {"model": "checkout.order", "pk": 1, "fields": {"order_number": "58484B9F6B1A4BCDA0979E70E3E35310", "user_profile": null, "full_name": "afef", "email": "GGG@email.com", "phone_number": "DDDDDDD", "country": "eiieiei", "postcode": null, "town_or_city": "NEPU", "street_address1": "TERGERG", "street_address2": "GGGGG", "county": null, "date": "2021-10-30T15:47:42.202Z", "delivery_cost": "0.00", "order_total": "0.00", "grand_total": "0.00", "original_bag": "", "stripe_pid": ""}}, {"model": "checkout.order", "pk": 2, "fields": {"order_number": "A09545AE9F7E48D19567B60A2F173AC5", "user_profile": null, "full_name": "afef", "email": "GGG@email.com", "phone_number": "DDDDDDD", "country": "eiieiei", "postcode": null, "town_or_city": "NEPU", "street_address1": "TERGERG", "street_address2": "GGGGG", "county": null, "date": "2021-10-30T15:53:09.006Z", "delivery_cost": "0.00", "order_total": "0.00", "grand_total": "0.00", "original_bag": "", "stripe_pid": ""}}, {"model": "checkout.order", "pk": 3, "fields": {"order_number": "CE745C021CA24DD69E19ED902CD853DB", "user_profile": null, "full_name": "afef", "email": "GGG@email.com", "phone_number": "DDDDDDD", "country": "eiieiei", "postcode": null, "town_or_city": "NEPU", "street_address1": "TERGERG", "street_address2": "GGGGG", "county": null, "date": "2021-10-30T15:59:21.933Z", "delivery_cost": "0.00", "order_total": "62.50", "grand_total": "62.50", "original_bag": "", "stripe_pid": ""}}, {"model": "checkout.order", "pk": 4, "fields": {"order_number": "85AE5B39C6044F26B18B1AD3F9BA743C", "user_profile": null, "full_name": "afef", "email": "GGG@email.com", "phone_number": "DDDDDDD", "country": "eiieiei", "postcode": null, "town_or_city": "NEPU", "street_address1": "TERGERG", "street_address2": "GGGGG", "county": null, "date": "2021-10-30T16:03:30.804Z", "delivery_cost": "0.00", "order_total": "62.50", "grand_total": "62.50", "original_bag": "", "stripe_pid": ""}}, {"model": "checkout.orderlineitem", "pk": 1, "fields": {"order": 3, "menu_item": 12, "quantity": 4, "lineitem_total": "50.00"}}, {"model": "checkout.orderlineitem", "pk": 2, "fields": {"order": 3, "menu_item": 17, "quantity": 3, "lineitem_total": "7.50"}}, {"model": "checkout.orderlineitem", "pk": 3, "fields": {"order": 3, "menu_item": 9, "quantity": 2, "lineitem_total": "5.00"}}, {"model": "checkout.orderlineitem", "pk": 4, "fields": {"order": 4, "menu_item": 12, "quantity": 4, "lineitem_total": "50.00"}}, {"model": "checkout.orderlineitem", "pk": 5, "fields": {"order": 4, "menu_item": 17, "quantity": 3, "lineitem_total": "7.50"}}, {"model": "checkout.orderlineitem", "pk": 6, "fields": {"order": 4, "menu_item": 9, "quantity": 2, "lineitem_total": "5.00"}}, {"model": "profiles.userprofile", "pk": 1, "fields": {"user": 2, "default_phone_number": null, "default_postcode": null, "default_town_or_city": null, "default_street_address1": null, "default_street_address2": null, "default_county": null}}, {"model": "profiles.userprofile", "pk": 2, "fields": {"user": 3, "default_phone_number": "0989297762", "default_postcode": "2231331313", "default_town_or_city": "udhdhdeh", "default_street_address1": "jjjejejedufufj", "default_street_address2": "wwuiuwu", "default_county": "wewed"}}]